{
  "id": "",
  "name": "",
  "font_family": "iconfont",
  "css_prefix_text": "icon-",
  "description": "",
  "glyphs": [
    {
      "icon_id": "1196936",
      "name": "menu-1",
      "font_class": "menu-1",
      "unicode": "e644",
      "unicode_decimal": 58948
    },
    {
      "icon_id": "4380416",
      "name": "menu",
      "font_class": "menu",
      "unicode": "e619",
      "unicode_decimal": 58905
    },
    {
      "icon_id": "6654507",
      "name": "card-hero",
      "font_class": "card-hero",
      "unicode": "e61f",
      "unicode_decimal": 58911
    }
  ]
}
